{"cameraMode":{"drawMode":0,"name":"Shaded","section":"Shading Mode"},"sceneLighting":true,"audioPlay":false,"sceneViewState":{"showFog":true,"showMaterialUpdate":false,"showSkybox":true,"showFlares":true,"showImageEffects":true,"showParticleSystems":true,"showVisualEffectGraphs":true,"m_FxEnabled":true},"in2DMode":false,"pivot":{"x":-11.775010108947754,"y":-3.2795073986053469,"z":13.02903938293457},"rotation":{"x":-0.10992897301912308,"y":0.36537235975265505,"z":-0.04350035637617111,"w":-0.9233242273330689},"size":11.163152694702149,"orthographic":false}